<?xml version="1.0" encoding="utf-8" ?>

<Defs>
	<KeyBindingCategoryDef>
		<defName>ArchitectHotkeys</defName>
		<label>Architect Hotkeys</label>
		<description>Controls for the submenu of the Architect tab.</description>
		<isGameUniversal>false</isGameUniversal>
	</KeyBindingCategoryDef>
	
	<KeyBindingCategoryDef>
		<defName>DirectHotkeys</defName>
		<label>Direct Hotkeys</label>
		<description>Controls for direct designations. Configurable in Hotkeys mod menu.</description>
		<isGameUniversal>false</isGameUniversal>
	</KeyBindingCategoryDef>
	
	<KeyBindingCategoryDef>
		<defName>GizmoKeys</defName>
		<label>Gizmo Hotkeys</label>
		<description>Overrides for gizmo keys. Configurable in Hotkeys mod menu.</description>
		<isGameUniversal>false</isGameUniversal>
		<selfConflicting>false</selfConflicting>
	</KeyBindingCategoryDef>
</Defs>